date,trial_num,is_stim,reach_time,reach_direction,rest_end,planning_end,reach_end
2021-09-22,2,0,164,left,500,887,1051
2021-09-22,3,1,216,down,500,935,1151
2021-09-22,4,0,661,down,500,874,1535
2021-09-22,5,0,172,up,500,944,1116
2021-09-22,6,0,274,up,500,911,1185
2021-09-22,7,0,96,right,500,954,1050
2021-09-22,8,0,152,left,500,965,1117
2021-09-22,9,0,161,down,500,990,1151
2021-09-22,10,0,218,up,500,982,1200
2021-09-22,11,0,117,right,500,984,1101
2021-09-22,12,0,327,left,500,941,1268
2021-09-22,13,0,651,up,500,800,1451
2021-09-22,14,1,214,right,500,887,1101
2021-09-22,15,0,256,right,500,912,1168
2021-09-22,16,0,359,left,500,775,1134
2021-09-22,17,0,531,up,500,820,1351
2021-09-22,19,0,140,left,500,977,1117
2021-09-22,20,0,237,right,500,847,1084
2021-09-22,21,1,362,up,500,771,1133
2021-09-22,22,0,447,down,500,753,1200
2021-09-22,23,0,331,right,500,752,1083
2021-09-22,24,1,144,down,500,938,1082
2021-09-22,25,1,279,down,500,821,1100
2021-09-22,26,0,367,down,500,783,1150
2021-09-22,27,1,285,right,500,784,1069
2021-09-22,28,0,271,left,500,846,1117
2021-09-22,29,1,140,left,500,877,1017
2021-09-22,30,1,227,down,500,839,1066
2021-09-22,31,1,152,left,500,998,1150
2021-09-22,32,0,198,down,500,902,1100
2021-09-22,33,1,309,left,500,807,1116
2021-09-22,34,0,317,up,500,783,1100
2021-09-22,35,0,141,left,500,958,1099
2021-09-22,36,0,227,right,500,989,1216
2021-09-22,37,1,390,up,500,846,1236
2021-09-22,38,0,211,down,500,922,1133
2021-09-22,39,0,272,left,500,828,1100
2021-09-22,40,1,468,up,500,801,1269
2021-09-22,41,0,174,right,500,925,1099
2021-09-22,42,1,374,up,500,845,1219
2021-09-22,43,0,338,down,500,813,1151
2021-09-22,44,0,253,down,500,847,1100
2021-09-22,45,1,285,up,500,983,1268
2021-09-22,46,0,356,up,500,810,1166
2021-09-22,47,0,179,up,500,937,1116
2021-09-22,48,1,218,down,500,950,1168
2021-09-22,52,0,340,right,500,877,1217
2021-09-22,53,0,313,right,500,756,1069
2021-09-22,54,1,277,right,500,907,1184
2021-09-22,55,0,242,up,500,909,1151
2021-09-22,56,1,338,down,500,780,1118
2021-09-22,57,1,234,down,500,799,1033
2021-09-22,58,1,187,right,500,913,1100
2021-09-22,59,0,101,left,500,948,1049
2021-09-22,60,1,332,up,500,836,1168
2021-09-22,61,1,424,up,500,842,1266
2021-09-22,62,0,226,down,500,908,1134
2021-09-22,63,0,135,up,500,1000,1135
2021-09-22,64,0,304,left,500,780,1084
2021-09-22,65,0,157,right,500,959,1116
2021-09-22,66,1,230,left,500,856,1086
2021-09-22,67,0,103,left,500,997,1100
2021-09-22,68,1,250,down,500,901,1151
2021-09-22,69,1,493,up,500,774,1267
2021-09-22,70,1,237,up,500,897,1134
2021-09-22,71,0,253,up,500,847,1100
2021-09-22,72,1,270,up,500,965,1235
2021-09-22,73,0,616,up,500,852,1468
2021-09-22,74,0,268,down,500,817,1085
2021-09-22,75,1,435,left,500,832,1267
2021-09-22,76,1,453,right,500,982,1435
2021-09-22,77,1,386,down,500,765,1151
2021-09-22,78,1,333,right,500,821,1154
2021-09-22,80,1,327,left,500,774,1101
2021-09-22,81,1,210,down,500,924,1134
2021-09-22,82,1,384,up,500,831,1215
2021-09-22,83,1,171,left,500,947,1118
2021-09-22,84,0,597,down,500,804,1401
2021-09-22,86,0,316,up,500,818,1134
2021-09-22,87,1,211,left,500,972,1183
2021-09-22,88,0,213,down,500,987,1200
2021-09-22,89,1,184,left,500,932,1116
2021-09-22,90,1,422,left,500,814,1236
2021-09-22,91,1,191,left,500,941,1132
2021-09-22,92,1,315,down,500,837,1152
2021-09-22,93,0,200,left,500,850,1050
2021-09-22,94,0,201,left,500,930,1131
2021-09-22,95,0,288,up,500,928,1216
2021-09-22,96,0,170,left,500,899,1069
2021-09-22,97,0,162,left,500,972,1134
2021-09-22,98,0,474,up,500,829,1303
2021-09-22,99,0,299,down,500,885,1184
2021-09-22,100,1,268,down,500,900,1168
2021-09-22,101,0,393,up,500,922,1315
2021-09-22,102,0,312,down,500,855,1167
2021-09-22,103,1,374,right,500,827,1201
2021-09-22,104,0,182,right,500,949,1131
2021-09-22,107,1,377,down,500,907,1284
2021-09-22,108,1,429,down,500,922,1351
2021-09-22,109,0,533,up,500,785,1318
2021-09-22,110,0,440,left,500,860,1300
2021-09-22,111,1,403,down,500,949,1352
2021-09-22,112,1,420,up,500,781,1201
2021-09-22,113,1,580,down,500,886,1466
2021-09-22,114,1,184,left,500,916,1100
2021-09-22,115,1,307,left,500,793,1100
2021-09-22,116,0,271,up,500,930,1201
2021-09-22,117,1,493,right,500,826,1319
2021-09-22,118,0,318,down,500,931,1249
2021-09-22,119,0,259,left,500,858,1117
2021-09-22,120,1,268,right,500,850,1118
2021-09-22,121,1,381,right,500,868,1249
2021-09-22,122,1,373,left,500,810,1183
2021-09-22,123,0,245,left,500,922,1167
2021-09-22,124,1,392,right,500,793,1185
2021-09-22,125,1,255,down,500,961,1216
2021-09-22,126,1,584,up,500,835,1419
2021-09-22,127,1,376,right,500,825,1201
2021-09-22,128,1,529,up,500,787,1316
2021-09-22,129,0,562,up,500,872,1434
2021-09-22,130,1,392,right,500,876,1268
2021-09-22,131,1,233,down,500,965,1198
2021-09-22,132,1,238,up,500,961,1199
2021-09-22,133,1,271,down,500,880,1151
2021-09-22,134,1,253,down,500,981,1234
2021-09-22,135,0,405,right,500,895,1300
2021-09-22,136,1,405,up,500,895,1300
2021-09-22,137,1,219,right,500,982,1201
2021-09-22,138,0,297,right,500,884,1181
2021-09-22,139,1,320,right,500,861,1181
2021-09-22,140,0,266,down,500,918,1184
2021-09-22,141,0,372,left,500,760,1132
2021-09-22,142,0,456,up,500,794,1250
2021-09-22,143,0,452,up,500,916,1368
2021-09-22,144,1,312,down,500,871,1183
2021-09-22,145,1,243,up,500,875,1118
2021-09-22,146,1,436,left,500,815,1251
2021-09-22,147,1,319,left,500,815,1134
2021-09-22,149,1,637,down,500,746,1383
2021-09-22,150,1,357,right,500,744,1101
2021-09-22,151,1,228,right,500,957,1185
2021-09-22,152,0,411,up,500,855,1266
2021-09-22,153,0,367,right,500,817,1184
2021-09-22,154,0,464,left,500,903,1367
2021-09-22,155,0,183,down,500,950,1133
2021-09-22,156,1,482,up,500,801,1283
2021-09-22,157,1,388,right,500,761,1149
2021-09-22,159,1,142,left,500,940,1082
2021-09-22,160,0,320,up,500,847,1167
2021-09-22,161,0,291,left,500,792,1083
2021-09-22,162,1,266,down,500,867,1133
2021-09-22,163,1,220,right,500,930,1150
2021-09-22,164,0,376,down,500,807,1183
2021-09-22,165,0,501,right,500,766,1267
2021-09-22,166,1,363,left,500,755,1118
2021-09-22,167,0,454,up,500,831,1285
2021-09-22,168,0,370,right,500,814,1184
2021-09-22,169,1,426,left,500,759,1185
2021-09-22,170,0,533,down,500,769,1302
2021-09-22,171,0,312,right,500,872,1184
2021-09-22,172,1,355,left,500,812,1167
2021-09-22,173,1,357,up,500,910,1267
2021-09-22,174,1,371,down,500,913,1284
2021-09-22,175,0,311,down,500,890,1201
2021-09-22,176,1,348,right,500,835,1183
2021-09-22,177,1,555,up,500,780,1335
2021-09-22,178,1,281,right,500,936,1217
2021-09-22,179,1,523,up,500,760,1283
2021-09-22,180,1,421,down,500,796,1217
2021-09-22,181,0,428,up,500,905,1333
2021-09-22,182,1,178,right,500,890,1068
2021-09-22,183,1,196,down,500,986,1182
2021-09-22,184,1,933,left,500,835,1768
2021-09-22,185,0,338,right,500,830,1168
2021-09-22,186,0,256,right,500,794,1050
2021-09-22,187,0,450,up,500,915,1365
2021-09-22,188,0,362,right,500,787,1149
2021-09-22,189,0,420,down,500,765,1185
2021-09-22,190,0,201,up,500,933,1134
2021-09-22,191,1,304,right,500,863,1167
2021-09-22,192,0,285,left,500,914,1199
2021-09-22,193,1,303,up,500,815,1118
2021-09-22,194,0,241,right,500,844,1085
2021-09-22,195,0,291,down,500,859,1150
2021-09-22,196,1,331,up,500,819,1150
2021-09-22,197,0,387,up,500,763,1150
2021-09-22,199,0,159,up,500,909,1068
2021-09-22,200,0,390,up,500,794,1184
2021-09-22,201,0,285,left,500,815,1100
2021-09-22,204,0,317,down,500,832,1149
2021-09-22,205,0,305,right,500,779,1084
2021-09-22,206,0,356,up,500,911,1267
2021-09-22,207,0,223,left,500,912,1135
2021-09-22,208,1,241,up,500,927,1168
2021-09-22,209,1,392,down,500,824,1216
2021-09-22,210,0,320,down,500,849,1169
2021-09-22,211,1,342,left,500,842,1184
2021-09-22,212,0,397,left,500,854,1251
2021-09-22,213,1,439,left,500,813,1252
2021-09-22,215,1,248,right,500,934,1182
2021-09-22,216,0,324,down,500,862,1186
2021-09-22,217,0,355,right,500,796,1151
2021-09-22,220,0,286,right,500,932,1218
2021-09-22,221,0,399,left,500,885,1284
2021-09-22,222,0,507,up,500,794,1301
2021-09-22,223,0,305,down,500,963,1268
2021-09-22,224,0,348,right,500,885,1233
2021-09-22,225,0,196,right,500,821,1017
2021-09-22,226,1,276,down,500,924,1200
2021-09-22,227,0,151,left,500,965,1116
2021-09-22,228,1,262,right,500,956,1218
2021-09-22,230,1,351,down,500,833,1184
2021-09-22,231,0,252,down,500,898,1150
2021-09-22,232,0,509,up,500,858,1367
2021-09-22,233,1,187,left,500,947,1134
2021-09-22,234,0,335,up,500,1000,1335
2021-09-22,235,0,286,up,500,831,1117
2021-09-22,236,1,549,up,500,751,1300
2021-09-22,237,1,318,down,500,832,1150
2021-09-22,239,1,271,left,500,897,1168
2021-09-22,240,0,239,left,500,809,1048
2021-09-22,241,0,195,right,500,989,1184
2021-09-22,242,1,255,up,500,946,1201
2021-09-22,243,1,361,right,500,757,1118
2021-09-22,244,1,174,down,500,976,1150
2021-09-22,245,0,610,up,500,807,1417
2021-09-22,246,1,398,up,500,921,1319
2021-09-22,247,1,211,left,500,990,1201
2021-09-22,248,0,221,right,500,929,1150
2021-09-22,249,1,288,left,500,813,1101
2021-09-22,250,1,328,left,500,903,1231
2021-09-22,251,1,277,down,500,891,1168
2021-09-22,252,0,126,down,500,991,1117
2021-09-22,253,0,260,left,500,974,1234
2021-09-22,254,0,545,up,500,773,1318
2021-09-22,255,0,226,right,500,925,1151
2021-09-22,256,0,359,right,500,926,1285
2021-09-22,257,0,246,down,500,939,1185
2021-09-22,258,1,312,down,500,871,1183
2021-09-22,259,1,361,up,500,957,1318
2021-09-22,260,0,734,up,500,782,1516
2021-09-22,261,0,361,up,500,973,1334
2021-09-22,262,0,308,down,500,941,1249
2021-09-22,263,1,406,left,500,795,1201
2021-09-22,264,0,422,down,500,777,1199
2021-09-22,265,1,413,down,500,853,1266
2021-09-22,266,0,284,left,500,965,1249
2021-09-22,267,1,115,right,500,968,1083
2021-09-22,268,0,272,left,500,964,1236
2021-09-22,269,0,226,down,500,959,1185
2021-09-22,270,1,301,right,500,814,1115
2021-09-22,271,1,459,down,500,826,1285
2021-09-22,272,0,220,right,500,845,1065
2021-09-22,273,1,426,right,500,824,1250
2021-09-22,274,0,339,right,500,763,1102
2021-09-22,275,1,439,left,500,796,1235
2021-09-22,276,0,237,down,500,914,1151
2021-09-22,277,1,440,left,500,810,1250
2021-09-22,278,0,146,left,500,938,1084
2021-09-22,279,0,246,up,500,887,1133
2021-09-22,280,1,276,left,500,876,1152
2021-09-22,281,0,72,left,500,995,1067
2021-09-22,282,1,258,up,500,909,1167
2021-09-22,283,1,236,left,500,918,1154
2021-09-22,284,1,229,up,500,989,1218
2021-09-22,285,0,392,left,500,775,1167
2021-09-22,286,0,331,left,500,786,1117
2021-09-22,287,1,421,right,500,779,1200
2021-09-22,288,1,651,up,500,831,1482
2021-09-22,289,1,248,down,500,918,1166
2021-09-22,290,0,346,left,500,756,1102
2021-09-22,291,1,201,down,500,983,1184
2021-09-22,292,0,336,right,500,948,1284
2021-09-22,293,1,224,right,500,925,1149
2021-09-22,294,0,186,left,500,880,1066
2021-09-22,295,0,453,down,500,914,1367
2021-09-22,296,1,436,left,500,847,1283
2021-09-22,297,0,359,down,500,776,1135
2021-09-22,298,1,181,left,500,986,1167
2021-09-22,299,1,202,right,500,965,1167
2021-09-22,300,1,295,right,500,889,1184
2021-09-22,303,1,264,left,500,890,1154
2021-09-22,304,1,316,down,500,801,1117
2021-09-22,305,1,153,left,500,931,1084
2021-09-22,306,0,73,left,500,945,1018
2021-09-22,307,0,362,right,500,956,1318
2021-09-22,308,1,429,up,500,938,1367
2021-09-22,309,0,303,down,500,883,1186
2021-09-22,310,1,376,left,500,792,1168
2021-09-22,311,1,393,right,500,824,1217
2021-09-22,312,0,342,up,500,858,1200
2021-09-22,313,1,184,left,500,983,1167
2021-09-22,314,1,238,down,500,929,1167
2021-09-22,315,0,312,down,500,821,1133
2021-09-22,316,0,354,right,500,915,1269
2021-09-22,317,0,347,left,500,853,1200
2021-09-22,318,0,416,left,500,801,1217
2021-09-22,319,0,185,down,500,899,1084
2021-09-22,320,1,300,down,500,900,1200
2021-09-22,321,0,225,left,500,959,1184
2021-09-22,322,0,556,up,500,794,1350
2021-09-22,323,0,264,up,500,888,1152
2021-09-22,324,1,119,down,500,964,1083
2021-09-22,325,1,232,right,500,901,1133
2021-09-22,326,0,275,left,500,876,1151
2021-09-22,327,1,236,up,500,849,1085
2021-09-22,328,1,246,down,500,954,1200
2021-09-22,329,1,392,up,500,792,1184
2021-09-22,330,1,277,down,500,908,1185
2021-09-22,331,0,363,up,500,856,1219
2021-09-22,332,1,159,down,500,926,1085
2021-09-22,333,0,242,down,500,891,1133
2021-09-22,334,1,349,down,500,852,1201
2021-09-22,335,0,240,left,500,861,1101
2021-09-22,336,1,297,down,500,853,1150
2021-09-22,337,0,238,right,500,929,1167
2021-09-22,338,0,240,down,500,860,1100
2021-09-22,339,1,318,right,500,748,1066
2021-09-22,340,0,327,down,500,874,1201
2021-09-22,341,1,218,up,500,917,1135
2021-09-22,342,0,416,up,500,783,1199
2021-09-22,344,0,179,up,500,972,1151
2021-09-22,345,0,285,up,500,882,1167
2021-09-22,346,1,191,right,500,975,1166
2021-09-22,347,1,232,left,500,786,1018
2021-09-22,348,1,340,right,500,779,1119
2021-09-22,349,1,29,up,500,1005,1034
2021-09-22,350,0,194,right,500,907,1101
2021-09-22,351,1,198,down,500,886,1084
2021-09-22,352,1,405,up,500,896,1301
2021-09-22,353,0,302,up,500,850,1152
2021-09-22,354,0,292,right,500,859,1151
2021-09-22,357,0,171,left,500,914,1085
2021-09-22,358,0,310,up,500,840,1150
2021-09-22,359,0,284,up,500,784,1068
2021-09-22,360,1,457,up,500,777,1234
2021-09-22,361,0,257,right,500,793,1050
2021-09-22,362,0,327,down,500,807,1134
2021-09-22,363,1,547,up,500,754,1301
2021-09-22,364,0,283,right,500,951,1234
2021-09-22,365,1,251,down,500,900,1151
2021-09-22,366,0,359,right,500,808,1167
2021-09-22,367,0,291,right,500,842,1133
2021-09-22,368,1,132,right,500,969,1101
2021-09-22,372,0,336,up,500,882,1218
2021-09-22,374,0,223,right,500,912,1135
2021-09-22,375,0,387,up,500,764,1151
2021-09-22,376,0,275,down,500,877,1152
2021-09-22,377,1,146,left,500,939,1085
2021-09-22,378,0,198,right,500,903,1101
2021-09-22,379,0,307,left,500,777,1084
2021-09-22,380,1,300,down,500,849,1149
2021-09-22,381,0,357,up,500,876,1233
2021-09-22,383,0,79,right,500,988,1067
2021-09-22,384,1,318,down,500,933,1251
2021-09-22,385,1,388,down,500,829,1217
2021-09-22,386,0,150,up,500,983,1133
2021-09-22,387,0,342,right,500,774,1116
2021-09-22,388,0,291,right,500,843,1134
2021-09-22,389,0,235,left,500,848,1083
2021-09-22,390,0,558,up,500,910,1468
2021-09-22,391,0,312,right,500,804,1116
2021-09-22,392,1,165,up,500,885,1050
2021-09-22,394,0,141,left,500,941,1082
2021-09-22,395,0,258,down,500,892,1150
2021-09-22,396,1,171,left,500,961,1132
2021-09-22,397,1,325,down,500,808,1133
2021-09-22,398,0,179,left,500,974,1153
2021-09-22,399,1,278,down,500,756,1034
2021-09-22,400,1,181,down,500,954,1135
2021-09-22,401,1,179,left,500,855,1034
2021-09-22,402,1,355,up,500,796,1151
2021-09-22,403,0,307,down,500,810,1117
2021-09-22,404,0,255,right,500,894,1149
2021-09-22,405,1,213,right,500,886,1099
2021-09-22,406,1,304,down,500,813,1117
2021-09-22,407,1,164,left,500,836,1000
2021-09-22,408,0,299,up,500,817,1116
2021-09-22,409,0,319,down,500,782,1101
2021-09-22,410,0,228,right,500,889,1117
2021-09-22,411,0,273,right,500,845,1118
2021-09-22,412,1,232,left,500,867,1099
2021-09-22,413,1,210,left,500,907,1117
2021-09-22,414,0,294,down,500,857,1151
2021-09-22,416,1,266,up,500,997,1263
2021-09-22,417,1,283,down,500,865,1148
2021-09-22,418,1,997,up,500,888,1885
2021-09-22,419,0,189,left,500,930,1119
2021-09-22,420,0,205,right,500,896,1101
2021-09-22,421,1,145,down,500,989,1134
2021-09-22,422,1,329,down,500,841,1170
2021-09-22,423,1,435,up,500,832,1267
2021-09-22,425,0,360,right,500,773,1133
2021-09-22,426,1,237,down,500,881,1118
2021-09-22,427,1,592,left,500,879,1471
2021-09-22,428,0,358,right,500,792,1150
2021-09-22,429,0,466,left,500,900,1366
2021-09-22,430,0,319,up,500,783,1102
2021-09-22,431,0,400,left,500,835,1235
2021-09-22,432,1,202,left,500,947,1149
2021-09-22,433,0,221,right,500,947,1168
2021-09-22,434,0,301,right,500,867,1168
2021-09-22,435,0,261,right,500,917,1178
2021-09-22,436,1,292,right,500,890,1182
2021-09-22,437,0,664,up,500,784,1448
2021-09-22,438,1,158,up,500,977,1135
2021-09-22,439,0,465,up,500,802,1267
2021-09-22,440,0,303,up,500,926,1229
2021-09-22,441,0,305,left,500,859,1164
2021-09-22,442,0,192,up,500,890,1082
2021-09-22,443,0,186,right,500,982,1168
2021-09-22,444,1,371,up,500,867,1238
2021-09-22,445,1,238,left,500,895,1133
2021-09-22,446,0,280,down,500,888,1168
2021-09-22,447,1,345,left,500,805,1150
2021-09-22,448,1,86,left,500,950,1036
2021-09-22,449,0,383,up,500,801,1184
2021-09-22,450,1,365,up,500,835,1200
2021-09-22,451,0,381,left,500,799,1180
2021-09-22,452,1,531,up,500,871,1402
2021-09-22,453,0,23,down,500,1158,1181
2021-09-22,454,1,183,down,500,968,1151
2021-09-22,455,0,427,up,500,934,1361
2021-09-22,456,1,117,up,500,952,1069
2021-09-22,457,1,399,right,500,769,1168
2021-09-22,458,1,144,right,500,945,1089
2021-09-22,459,1,255,left,500,930,1185
2021-09-22,460,1,360,right,500,874,1234
2021-09-22,461,0,245,up,500,988,1233
2021-09-22,462,0,354,down,500,798,1152
2021-09-22,463,0,198,left,500,836,1034
2021-09-22,464,0,214,left,500,888,1102
2021-09-22,465,1,392,up,500,825,1217
2021-09-22,467,1,285,left,500,831,1116
2021-09-22,468,1,276,right,500,956,1232
2021-09-22,469,0,432,down,500,814,1246
2021-09-22,471,0,295,up,500,900,1195
2021-09-22,478,1,832,down,500,786,1618
2021-09-22,479,1,296,left,500,922,1218
2021-09-22,480,0,202,down,500,966,1168
2021-09-22,482,0,305,up,500,879,1184
2021-09-22,483,1,434,up,500,866,1300
2021-09-22,484,0,541,up,500,809,1350
2021-09-22,485,1,361,up,500,991,1352
2021-09-22,486,0,96,left,500,987,1083
2021-09-22,487,1,382,right,500,820,1202
2021-09-22,490,1,258,left,500,843,1101
2021-09-22,491,1,403,right,500,798,1201
2021-09-22,492,0,148,left,500,885,1033
2021-09-22,493,1,303,right,500,779,1082
2021-09-22,494,1,209,left,500,859,1068
2021-09-22,495,0,236,down,500,931,1167
2021-09-22,496,1,137,right,500,897,1034
2021-09-22,497,1,264,down,500,886,1150
2021-09-22,498,0,205,left,500,861,1066
2021-09-22,499,1,318,right,500,850,1168
2021-09-22,500,0,353,down,500,796,1149
2021-09-22,501,0,641,up,500,810,1451
2021-09-22,502,0,108,right,500,976,1084
2021-09-22,503,1,261,down,500,823,1084
2021-09-22,504,0,105,down,500,945,1050
2021-09-22,505,1,217,right,500,884,1101
2021-09-22,506,1,279,left,500,904,1183
2021-09-22,507,0,118,left,500,983,1101
2021-09-22,508,1,117,right,500,984,1101
2021-09-22,509,1,386,up,500,897,1283
2021-09-22,510,1,252,down,500,913,1165
2021-09-22,511,0,156,right,500,878,1034
2021-09-22,512,1,353,down,500,764,1117
2021-09-22,513,0,384,up,500,783,1167
2021-09-22,514,0,350,down,500,751,1101
2021-09-22,515,1,345,right,500,854,1199
2021-09-22,516,1,338,right,500,761,1099
2021-09-22,517,0,368,up,500,866,1234
2021-09-22,518,1,291,up,500,891,1182
2021-09-22,519,1,373,left,500,745,1118
2021-09-22,520,0,320,up,500,864,1184
2021-09-22,521,1,109,right,500,925,1034
2021-09-22,522,1,148,up,500,869,1017
2021-09-22,523,0,249,left,500,835,1084
2021-09-22,524,0,343,down,500,774,1117
2021-09-22,525,1,296,down,500,838,1134
2021-09-22,526,1,217,right,500,917,1134
2021-09-22,527,1,312,down,500,773,1085
2021-09-22,528,1,315,left,500,785,1100
2021-09-22,529,1,131,down,500,919,1050
2021-09-22,530,1,243,up,500,958,1201
2021-09-22,531,1,305,up,500,897,1202
2021-09-22,532,0,346,left,500,772,1118
2021-09-22,533,0,144,right,500,923,1067
2021-09-22,538,0,251,down,500,899,1150
2021-09-22,539,0,343,right,500,841,1184
2021-09-22,540,1,192,left,500,925,1117
